{
    "version": 1,
    "author": "Anonymous maker",
    "editor": "wokwi",
    "parts": [
      { "type": "board-esp32-devkit-c-v4", "id": "esp", "top": -28.8, "left": -91.16, "attrs": {} },
      {
        "type": "wokwi-led",
        "id": "led1",
        "top": 37.2,
        "left": 150.6,
        "rotate": 90,
        "attrs": { "color": "red", "flip": "" }
      },
      {
        "type": "wokwi-led",
        "id": "led2",
        "top": 75.6,
        "left": 150.6,
        "rotate": 90,
        "attrs": { "color": "green", "flip": "" }
      },
      {
        "type": "wokwi-led",
        "id": "led3",
        "top": 56.4,
        "left": 150.6,
        "rotate": 90,
        "attrs": { "color": "yellow", "flip": "" }
      },
      {
        "type": "wokwi-resistor",
        "id": "r1",
        "top": 80.75,
        "left": 48,
        "attrs": { "value": "1000" }
      },
      {
        "type": "wokwi-resistor",
        "id": "r2",
        "top": 99.95,
        "left": 48,
        "attrs": { "value": "1000" }
      },
      {
        "type": "wokwi-resistor",
        "id": "r3",
        "top": 61.55,
        "left": 48,
        "attrs": { "value": "1000" }
      }
    ],
    "connections": [
      [ "esp:TX", "$serialMonitor:RX", "", [] ],
      [ "esp:RX", "$serialMonitor:TX", "", [] ],
      [ "r2:2", "led2:A", "black", [ "v0" ] ],
      [ "r1:2", "led3:A", "black", [ "v0" ] ],
      [ "r3:2", "led1:A", "black", [ "v0" ] ],
      [ "esp:19", "r3:1", "black", [ "h0" ] ],
      [ "esp:5", "r1:1", "black", [ "h0" ] ],
      [ "esp:16", "r2:1", "black", [ "h0" ] ],
      [ "esp:GND.3", "led1:C", "black", [ "h0" ] ],
      [ "led1:C", "led3:C", "black", [ "h-9.6", "v19.6" ] ],
      [ "led3:C", "led2:C", "black", [ "h-9.6", "v19.6" ] ]
    ],
    "dependencies": {}
  }